"nombre","media_velocidad","sd_velocidad","n"
"AND240-4253",43.49375,12.2822619388016,16
"MZA 1701",45.10625,16.5320887468382,16
"MZA 1801",47.825,16.658391278872,16
"RN141-2106",45.2125,12.9489703580375,16
